[{
    "gic": "CSAI",
    "declinazione": "CSAI"
}, {
    "gic": "CSAI",
    "declinazione": "gare"
}, {
    "gic": "CSAI",
    "declinazione": "kart"
}, {
    "gic": "CSAI",
    "declinazione": "licenze"
}, {
    "gic": "CSAI",
    "declinazione": "licenziato CSAI"
}, {
    "gic": "CSAI",
    "declinazione": "socio CSAI"
}, {
    "gic": "CSAI",
    "declinazione": "Ufficio sportivo"
}, {
    "gic": "Associazioni ACI",
    "declinazione": "Associazioni ACI"
}, {
    "gic": "Associazioni ACI",
    "declinazione": "abbonamento"
}, {
    "gic": "Associazioni ACI",
    "declinazione": "auto sostitutiva"
}, {
    "gic": "Associazioni ACI",
    "declinazione": "carroattrezzi"
}, {
    "gic": "Associazioni ACI",
    "declinazione": "club"
}, {
    "gic": "Associazioni ACI",
    "declinazione": "incidente"
}, {
    "gic": "Associazioni ACI",
    "declinazione": "informazioni"
}, {
    "gic": "Associazioni ACI",
    "declinazione": "medico a casa"
}, {
    "gic": "Associazioni ACI",
    "declinazione": "recupero punti"
}, {
    "gic": "Associazioni ACI",
    "declinazione": "rinnovo associazione per posta"
}, {
    "gic": "Associazioni ACI",
    "declinazione": "sinistro"
}, {
    "gic": "Associazioni ACI",
    "declinazione": "soccorso stradale"
}, {
    "gic": "Associazioni ACI",
    "declinazione": "socio ACI"
}, {
    "gic": "Associazioni ACI",
    "declinazione": "tessera ACI"
}, {
    "gic": "Associazioni ACI",
    "declinazione": "traino"
}, {
    "gic": "Associazioni ACI",
    "declinazione": "tutela legale"
}, {
    "gic": "Associazioni ACI",
    "declinazione": "viaggio"
}, {
    "gic": "Donazioni Telethon",
    "declinazione": "Donazioni Telethon"
}, {
    "gic": "Bollo Auto",
    "declinazione": "Bollo auto"
}, {
    "gic": "Bollo Auto",
    "declinazione": "assistenza bollo"
}, {
    "gic": "Bollo Auto",
    "declinazione": "avviso bonario"
}, {
    "gic": "Bollo Auto",
    "declinazione": "cartella esattoriale"
}, {
    "gic": "Bollo Auto",
    "declinazione": "contenzioso"
}, {
    "gic": "Bollo Auto",
    "declinazione": "disabili"
}, {
    "gic": "Bollo Auto",
    "declinazione": "equitalia"
}, {
    "gic": "Bollo Auto",
    "declinazione": "esenzioni"
}, {
    "gic": "Bollo Auto",
    "declinazione": "fermo amministrativo"
}, {
    "gic": "Bollo Auto",
    "declinazione": "legge 104"
}, {
    "gic": "Bollo Auto",
    "declinazione": "pagamento"
}, {
    "gic": "Bollo Auto",
    "declinazione": "revoca fermo amministrativo"
}, {
    "gic": "Bollo Auto",
    "declinazione": "riscossione"
}, {
    "gic": "Bollo Auto",
    "declinazione": "scadenza"
}, {
    "gic": "Bollo Auto",
    "declinazione": "tassa di circolazione"
}, {
    "gic": "Bollo Auto",
    "declinazione": "tassa di proprietà"
}, {
    "gic": "Visure Camerali",
    "declinazione": "Visure Camerali"
}, {
    "gic": "Visure Camerali",
    "declinazione": "Visura camerale"
}, {
    "gic": "Visure Camerali",
    "declinazione": "camera di commercio"
}, {
    "gic": "Visura per intestatario",
    "declinazione": "Visura per intestatario"
}, {
    "gic": "Visura per targa",
    "declinazione": "Visura per targa"
}, {
    "gic": "Visura storica",
    "declinazione": "Visura storica"
}, {
    "gic": "Sportello Telematico",
    "declinazione": "Sportello Telematico dell'Automobilista"
}, {
    "gic": "Sportello Telematico",
    "declinazione": "ADR"
}, {
    "gic": "Sportello Telematico",
    "declinazione": "aggiornamento carta di circolazione"
}, {
    "gic": "Sportello Telematico",
    "declinazione": "articolo 2688"
}, {
    "gic": "Sportello Telematico",
    "declinazione": "articolo 36"
}, {
    "gic": "Sportello Telematico",
    "declinazione": "cambio targa"
}, {
    "gic": "Sportello Telematico",
    "declinazione": "cambio uso"
}, {
    "gic": "Sportello Telematico",
    "declinazione": "cancellazione targa al pra"
}, {
    "gic": "Sportello Telematico",
    "declinazione": "cessione vettura"
}, {
    "gic": "Sportello Telematico",
    "declinazione": "collaudo"
}, {
    "gic": "Sportello Telematico",
    "declinazione": "concessionario"
}, {
    "gic": "Sportello Telematico",
    "declinazione": "conto proprio"
}, {
    "gic": "Sportello Telematico",
    "declinazione": "conto terzi"
}, {
    "gic": "Sportello Telematico",
    "declinazione": "demolizioni"
}, {
    "gic": "Sportello Telematico",
    "declinazione": "distanze chilometriche"
}, {
    "gic": "Sportello Telematico",
    "declinazione": "duplicato carta di circolazione"
}, {
    "gic": "Sportello Telematico",
    "declinazione": "duplicato certificato di proprietà"
}, {
    "gic": "Sportello Telematico",
    "declinazione": "estratto cronologico"
}, {
    "gic": "Sportello Telematico",
    "declinazione": "foglio complementare"
}, {
    "gic": "Sportello Telematico",
    "declinazione": "furto auto"
}, {
    "gic": "Sportello Telematico",
    "declinazione": "gancio traino"
}, {
    "gic": "Sportello Telematico",
    "declinazione": "Immatricolazioni"
}, {
    "gic": "Sportello Telematico",
    "declinazione": "indisponibilità del mezzo"
}, {
    "gic": "Sportello Telematico",
    "declinazione": "informazioni pratiche auto"
}, {
    "gic": "Sportello Telematico",
    "declinazione": "intestatario veicolo"
}, {
    "gic": "Sportello Telematico",
    "declinazione": "iscrizione dall'estero"
}, {
    "gic": "Sportello Telematico",
    "declinazione": "libretto circolazione"
}, {
    "gic": "Sportello Telematico",
    "declinazione": "merci pericolose"
}, {
    "gic": "Sportello Telematico",
    "declinazione": "militari"
}, {
    "gic": "Sportello Telematico",
    "declinazione": "mini passaggio"
}, {
    "gic": "Sportello Telematico",
    "declinazione": "motorizzazione"
}, {
    "gic": "Sportello Telematico",
    "declinazione": "nazionalizzazioni"
}, {
    "gic": "Sportello Telematico",
    "declinazione": "nuova iscrizione"
}, {
    "gic": "Sportello Telematico",
    "declinazione": "passaggio di proprietà"
}, {
    "gic": "Sportello Telematico",
    "declinazione": "perdita di possesso"
}, {
    "gic": "Sportello Telematico",
    "declinazione": "pratica"
}, {
    "gic": "Sportello Telematico",
    "declinazione": "pratiche auto"
}, {
    "gic": "Sportello Telematico",
    "declinazione": "proprietario"
}, {
    "gic": "Sportello Telematico",
    "declinazione": "radiazioni"
}, {
    "gic": "Sportello Telematico",
    "declinazione": "registrazione pra"
}, {
    "gic": "Sportello Telematico",
    "declinazione": "reimmatricolazione"
}, {
    "gic": "Sportello Telematico",
    "declinazione": "riconsegna targa"
}, {
    "gic": "Sportello Telematico",
    "declinazione": "rinnovo iscrizione"
}, {
    "gic": "Sportello Telematico",
    "declinazione": "rottamazioni"
}, {
    "gic": "Sportello Telematico",
    "declinazione": "smarrimento targa"
}, {
    "gic": "Sportello Telematico",
    "declinazione": "STA"
}, {
    "gic": "Sportello Telematico",
    "declinazione": "storico veicolo"
}, {
    "gic": "Sportello Telematico",
    "declinazione": "targa"
}, {
    "gic": "Sportello Telematico",
    "declinazione": "targa estera"
}, {
    "gic": "Sportello Telematico",
    "declinazione": "targa prova"
}, {
    "gic": "Sportello Telematico",
    "declinazione": "trasferimento di proprietà"
}, {
    "gic": "Sportello Telematico",
    "declinazione": "trasporto merci"
}, {
    "gic": "Sportello Telematico",
    "declinazione": "usura targa"
}, {
    "gic": "Sportello Telematico",
    "declinazione": "vendita auto"
}, {
    "gic": "Sportello Telematico",
    "declinazione": "vendita rimorchio"
}, {
    "gic": "Sportello Telematico",
    "declinazione": "vendita roulotte"
}, {
    "gic": "Sportello Telematico",
    "declinazione": "Visura PRA"
}, {
    "gic": "Servizi di Assistenza Bollo Auto",
    "declinazione": "Servizi di Assistenza Bollo Auto"
}, {
    "gic": "Rinnovo Automatico Bollo",
    "declinazione": "Rinnovo Automatico Bollo"
}, {
    "gic": "Rinnovo Automatico Bollo",
    "declinazione": "bollo automatico"
}, {
    "gic": "Rinnovo Automatico Bollo",
    "declinazione": "bollo facile"
}, {
    "gic": "Rinnovo Automatico Bollo",
    "declinazione": "bollo sereno"
}, {
    "gic": "Rinnovo Automatico Bollo",
    "declinazione": "bollo sicuro"
}, {
    "gic": "Rinnovo Automatico Bollo",
    "declinazione": "col"
}, {
    "gic": "Rinnovo Automatico Bollo",
    "declinazione": "contratti on line"
}, {
    "gic": "Rinnovo Automatico Bollo",
    "declinazione": "rid"
}, {
    "gic": "Rinnovo Automatico Bollo",
    "declinazione": "rinnovo associazione per banca"
}, {
    "gic": "Rinnovo Automatico Bollo",
    "declinazione": "rinnovo automatico"
}, {
    "gic": "Rinnovo Automatico Bollo",
    "declinazione": "tessera fidelizzata"
}, {
    "gic": "Pagamento POS",
    "declinazione": "Pagamento POS"
}, {
    "gic": "Pagamento Tributi e Bollettini",
    "declinazione": "Pagamento Tributi e Bollettini"
}, {
    "gic": "Pagamento Tributi e Bollettini",
    "declinazione": "comune"
}, {
    "gic": "Pagamento Tributi e Bollettini",
    "declinazione": "multe"
}, {
    "gic": "Pagamento Tributi e Bollettini",
    "declinazione": "pagamento"
}, {
    "gic": "Pagamento Tributi e Bollettini",
    "declinazione": "tributi comunali"
}, {
    "gic": "Autoscuola Ready2Go",
    "declinazione": "Autoscuola Ready2Go"
}, {
    "gic": "Autoscuola Ready2Go",
    "declinazione": "carta di qualificazione del conducente"
}, {
    "gic": "Autoscuola Ready2Go",
    "declinazione": "conseguimento patente"
}, {
    "gic": "Autoscuola Ready2Go",
    "declinazione": "CQC"
}, {
    "gic": "Autoscuola Ready2Go",
    "declinazione": "esami"
}, {
    "gic": "Autoscuola Ready2Go",
    "declinazione": "patente"
}, {
    "gic": "Autoscuola Ready2Go",
    "declinazione": "patenti speciali"
}, {
    "gic": "Autoscuola Ready2Go",
    "declinazione": "patenti superiori"
}, {
    "gic": "Autoscuola Ready2Go",
    "declinazione": "pratica"
}, {
    "gic": "Autoscuola Ready2Go",
    "declinazione": "rilascio patente"
}, {
    "gic": "Autoscuola Ready2Go",
    "declinazione": "scuola guida"
}, {
    "gic": "Autoscuola Ready2Go",
    "declinazione": "teoria"
}, {
    "gic": "servizio fuori GIC",
    "declinazione": "declinazioni"
}, {
    "gic": "Polizze e prodotti finanziari SARA",
    "declinazione": "Polizze e prodotti finanziari SARA"
}, {
    "gic": "Polizze e prodotti finanziari SARA",
    "declinazione": "Assicurazione SARA/ALA"
}, {
    "gic": "Polizze e prodotti finanziari SARA",
    "declinazione": "Assicurazioni SARA"
}, {
    "gic": "Polizze e prodotti finanziari SARA",
    "declinazione": "polizze auto"
}, {
    "gic": "Polizze e prodotti finanziari SARA",
    "declinazione": "prodotti finanziari"
}, {
    "gic": "Polizze e prodotti finanziari SARA",
    "declinazione": "vita"
}, {
    "gic": "Polizze e prodotti finanziari SARA",
    "declinazione": "danni"
}, {
    "gic": "Polizze e prodotti finanziari SARA",
    "declinazione": "infortuni"
}, {
    "gic": "Polizze e prodotti finanziari SARA",
    "declinazione": "rami elementari"
}, {
    "gic": "Polizze e prodotti finanziari SARA",
    "declinazione": "caso morte"
}, {
    "gic": "Cessione uso vetture",
    "declinazione": "Cessione uso vetture"
}, {
    "gic": "Vendita materiale cartografico",
    "declinazione": "Vendita materiale cartografico"
}, {
    "gic": "Vendita materiale cartografico",
    "declinazione": "vendita documentazione turistica"
}, {
    "gic": "Vendita materiale cartografico",
    "declinazione": "Materiale cartografico"
}, {
    "gic": "Vendita materiale cartografico",
    "declinazione": "carte"
}, {
    "gic": "Vendita materiale cartografico",
    "declinazione": "mappe"
}, {
    "gic": "Vendita materiale cartografico",
    "declinazione": "documentazione turistica"
}, {
    "gic": "Vendita materiale cartografico",
    "declinazione": "turismo"
}, {
    "gic": "Vendita materiale cartografico",
    "declinazione": "cartine"
}, {
    "gic": "Rinnovo patente",
    "declinazione": "Rinnovo patente"
}, {
    "gic": "Rinnovo patente",
    "declinazione": "visite mediche per rinnovo patenti"
}, {
    "gic": "Rinnovo patente",
    "declinazione": "permesso di guida"
}, {
    "gic": "Rinnovo patente",
    "declinazione": "visita medica"
}, {
    "gic": "Rinnovo patente",
    "declinazione": "convalida patente"
}, {
    "gic": "Rinnovo patente",
    "declinazione": "conferma validità"
}, {
    "gic": "Rinnovo patente",
    "declinazione": "certificato medico"
}, {
    "gic": "Rinnovo patente",
    "declinazione": "medico in sede"
}, {
    "gic": "Rinnovo patente",
    "declinazione": "scadenza patente"
}, {
    "gic": "Rinnovo patente",
    "declinazione": "Duplicato patente"
}, {
    "gic": "Rinnovo patente",
    "declinazione": "smarrimento patente"
}, {
    "gic": "Rinnovo patente",
    "declinazione": "furto patente"
}, {
    "gic": "Rinnovo patente",
    "declinazione": "declassamento"
}, {
    "gic": "Rinnovo patente",
    "declinazione": "deterioramento"
}, {
    "gic": "Rinnovo patente",
    "declinazione": "Scuola nautica"
}, {
    "gic": "Rinnovo patente",
    "declinazione": "patente nautica"
}, {
    "gic": "Rinnovo patente",
    "declinazione": "servizi nautici"
}, {
    "gic": "Rinnovo patente",
    "declinazione": "mare"
}, {
    "gic": "Rinnovo patente",
    "declinazione": "barca"
}, {
    "gic": "Vendita via-card",
    "declinazione": "Vendita viacard"
}, {
    "gic": "Vendita via-card",
    "declinazione": "autostrada"
}, {
    "gic": "Vendita via-card",
    "declinazione": "Telepass"
}, {
    "gic": "Patenti internazionali",
    "declinazione": "Patenti internazionali"
}, {
    "gic": "Patenti internazionali",
    "declinazione": "Patente internazionale"
}, {
    "gic": "Patenti internazionali",
    "declinazione": "guida all'estero"
}, {
    "gic": "ACI-Leasing",
    "declinazione": "ACI-Leasing"
}, {
    "gic": "Assistenza tecnica",
    "declinazione": "Assistenza tecnica"
}, {
    "gic": "Parcheggi",
    "declinazione": "Parcheggi"
}, {
    "gic": "Parcheggi",
    "declinazione": "sosta"
}, {
    "gic": "Parcheggi",
    "declinazione": "rimessa"
}, {
    "gic": "Parcheggi",
    "declinazione": "posteggio"
}, {
    "gic": "Contrassegni ciclomotori",
    "declinazione": "Contrassegni ciclomotori"
}, {
    "gic": "Contrassegni ciclomotori",
    "declinazione": "nuova targa ciclomotore"
}, {
    "gic": "Autofficina autorizzata revisioni",
    "declinazione": "Autofficina autorizzata revisioni"
}, {
    "gic": "Autofficina autorizzata revisioni",
    "declinazione": "motorizzazione"
}, {
    "gic": "Autofficina autorizzata revisioni",
    "declinazione": "sequestro libretto"
}, {
    "gic": "Autofficina autorizzata revisioni",
    "declinazione": "Agenzia viaggi"
}, {
    "gic": "Noleggio auto",
    "declinazione": "Noleggio auto"
}, {
    "gic": "Noleggio auto",
    "declinazione": "rent"
}, {
    "gic": "Noleggio auto",
    "declinazione": "breve termine"
}, {
    "gic": "Noleggio auto",
    "declinazione": "lungo termine"
}, {
    "gic": "Noleggio auto",
    "declinazione": "auto sostitutiva"
}, {
    "gic": "Vendita biglietti e abbonamenti basket (Carmatic)",
    "declinazione": "Vendita biglietti e abbonamenti basket (Carmatic)"
}, {
    "gic": "Contrassegni strade austriache",
    "declinazione": "Contrassegni strade austriache"
}, {
    "gic": "Contrassegni strade austriache",
    "declinazione": "bollino per Austria"
}, {
    "gic": "Contrassegni strade austriache",
    "declinazione": "vignette"
}, {
    "gic": "Contrassegni strade austriache",
    "declinazione": "Carnet de passage en douane"
}, {
    "gic": "Contrassegni strade austriache",
    "declinazione": "CPD"
}, {
    "gic": "Contrassegni strade austriache",
    "declinazione": "dogana"
}, {
    "gic": "Contrassegni strade austriache",
    "declinazione": "importazione provvisoria"
}, {
    "gic": "Auto storiche",
    "declinazione": "Auto storiche"
}, {
    "gic": "Auto storiche",
    "declinazione": "vintage"
}, {
    "gic": "Auto storiche",
    "declinazione": "ASI"
}, {
    "gic": "Auto storiche",
    "declinazione": "epoca"
}, {
    "gic": "Pratiche ZTL",
    "declinazione": "Pratiche ZTL"
}, {
    "gic": "Pratiche ZTL",
    "declinazione": "centro storico"
}, {
    "gic": "Pratiche ZTL",
    "declinazione": "accesso centro"
}, {
    "gic": "Pratiche ZTL",
    "declinazione": "tridente"
}, {
    "gic": "Certificati vari",
    "declinazione": "Certificati vari"
}, {
    "gic": "Certificati vari",
    "declinazione": "carichi pendenti"
}, {
    "gic": "Certificati vari",
    "declinazione": "stati di famiglia"
}, {
    "gic": "Certificati vari",
    "declinazione": "residenza"
}, {
    "gic": "Ricariche telefoniche",
    "declinazione": "Ricariche telefoniche"
}, {
    "gic": "Ricariche telefoniche",
    "declinazione": "TIM"
}, {
    "gic": "Ricariche telefoniche",
    "declinazione": "WIND"
}, {
    "gic": "Ricariche telefoniche",
    "declinazione": "TRE"
}, {
    "gic": "Ricariche telefoniche",
    "declinazione": "VODAFONE"
}]